ParameterName,IsSpike,Value,Time
Temperature,Yes,56,01/31/2024 07:30:05
Temperature,Yes,2,01/31/2024 07:30:00
Temperature,Yes,4,01/31/2024 07:29:25
Temperature,Yes,97,01/31/2024 07:29:20
Temperature,Yes,94,01/31/2024 07:31:10
Temperature,Yes,96,01/31/2024 07:31:05
Temperature,Yes,5,01/31/2024 07:30:50
Temperature,Yes,87,01/31/2024 07:30:35
Temperature,Yes,56,01/31/2024 07:30:05
Temperature,Yes,2,01/31/2024 07:30:00
Temperature,Yes,4,01/31/2024 07:29:25
Temperature,Yes,97,01/31/2024 07:29:20
Temperature,Yes,89,01/31/2024 07:32:30
Temperature,Yes,0,01/31/2024 07:32:10
Temperature,Yes,4,01/31/2024 07:32:05
Temperature,Yes,94,01/31/2024 07:31:55
Temperature,Yes,94,01/31/2024 07:31:10
Temperature,Yes,96,01/31/2024 07:31:05
Temperature,Yes,5,01/31/2024 07:30:50
Temperature,Yes,87,01/31/2024 07:30:35
Temperature,Yes,56,01/31/2024 07:30:05
Temperature,Yes,2,01/31/2024 07:30:00
Temperature,Yes,4,01/31/2024 07:29:25
Temperature,Yes,97,01/31/2024 07:29:20
Temperature,Yes,77,01/31/2024 07:33:30
Temperature,Yes,78,01/31/2024 07:33:00
Temperature,Yes,13,01/31/2024 07:32:50
Temperature,Yes,82,01/31/2024 07:32:45
Temperature,Yes,89,01/31/2024 07:32:30
Temperature,Yes,0,01/31/2024 07:32:10
Temperature,Yes,4,01/31/2024 07:32:05
Temperature,Yes,94,01/31/2024 07:31:55
Temperature,Yes,94,01/31/2024 07:31:10
Temperature,Yes,96,01/31/2024 07:31:05
Temperature,Yes,5,01/31/2024 07:30:50
Temperature,Yes,87,01/31/2024 07:30:35
Temperature,Yes,56,01/31/2024 07:30:05
Temperature,Yes,2,01/31/2024 07:30:00
Temperature,Yes,4,01/31/2024 07:29:25
Temperature,Yes,97,01/31/2024 07:29:20
Temperature,Yes,11,01/31/2024 07:34:50
Temperature,Yes,95,01/31/2024 07:34:45
Temperature,Yes,58,01/31/2024 07:34:15
Temperature,Yes,87,01/31/2024 07:34:05
Temperature,Yes,77,01/31/2024 07:33:30
Temperature,Yes,78,01/31/2024 07:33:00
Temperature,Yes,13,01/31/2024 07:32:50
Temperature,Yes,82,01/31/2024 07:32:45
Temperature,Yes,89,01/31/2024 07:32:30
Temperature,Yes,0,01/31/2024 07:32:10
Temperature,Yes,4,01/31/2024 07:32:05
Temperature,Yes,94,01/31/2024 07:31:55
Temperature,Yes,94,01/31/2024 07:31:10
Temperature,Yes,96,01/31/2024 07:31:05
Temperature,Yes,5,01/31/2024 07:30:50
Temperature,Yes,87,01/31/2024 07:30:35
Temperature,Yes,92,01/31/2024 07:35:51
Temperature,Yes,15,01/31/2024 07:35:41
Temperature,Yes,2,01/31/2024 07:35:36
Temperature,Yes,85,01/31/2024 07:35:15
Temperature,Yes,11,01/31/2024 07:34:50
Temperature,Yes,95,01/31/2024 07:34:45
Temperature,Yes,58,01/31/2024 07:34:15
Temperature,Yes,87,01/31/2024 07:34:05
Temperature,Yes,77,01/31/2024 07:33:30
Temperature,Yes,78,01/31/2024 07:33:00
Temperature,Yes,13,01/31/2024 07:32:50
Temperature,Yes,82,01/31/2024 07:32:45
Temperature,Yes,89,01/31/2024 07:32:30
Temperature,Yes,0,01/31/2024 07:32:10
Temperature,Yes,4,01/31/2024 07:32:05
Temperature,Yes,94,01/31/2024 07:31:55
Temperature,Yes,4,01/31/2024 07:36:51
Temperature,Yes,18,01/31/2024 07:36:16
Temperature,Yes,92,01/31/2024 07:35:51
Temperature,Yes,15,01/31/2024 07:35:41
Temperature,Yes,2,01/31/2024 07:35:36
Temperature,Yes,85,01/31/2024 07:35:15
Temperature,Yes,11,01/31/2024 07:34:50
Temperature,Yes,95,01/31/2024 07:34:45
Temperature,Yes,58,01/31/2024 07:34:15
Temperature,Yes,87,01/31/2024 07:34:05
Temperature,Yes,77,01/31/2024 07:33:30
Temperature,Yes,78,01/31/2024 07:33:00
Temperature,Yes,13,01/31/2024 07:32:50
Temperature,Yes,82,01/31/2024 07:32:45
Temperature,Yes,89,01/31/2024 07:32:30
Temperature,Yes,77,01/31/2024 07:37:56
Temperature,Yes,65,01/31/2024 07:37:21
Temperature,Yes,27,01/31/2024 07:37:16
Temperature,Yes,96,01/31/2024 07:37:01
Temperature,Yes,4,01/31/2024 07:36:51
Temperature,Yes,18,01/31/2024 07:36:16
Temperature,Yes,92,01/31/2024 07:35:51
Temperature,Yes,15,01/31/2024 07:35:41
Temperature,Yes,2,01/31/2024 07:35:36
Temperature,Yes,85,01/31/2024 07:35:15
Temperature,Yes,11,01/31/2024 07:34:50
Temperature,Yes,95,01/31/2024 07:34:45
Temperature,Yes,58,01/31/2024 07:34:15
Temperature,Yes,87,01/31/2024 07:34:05
Temperature,Yes,77,01/31/2024 07:33:30
Temperature,Yes,65,01/31/2024 07:38:56
Temperature,Yes,2,01/31/2024 07:38:46
Temperature,Yes,11,01/31/2024 07:38:16
Temperature,Yes,2,01/31/2024 07:38:06
Temperature,Yes,77,01/31/2024 07:37:56
Temperature,Yes,74,01/31/2024 07:37:41
Temperature,Yes,65,01/31/2024 07:37:21
Temperature,Yes,27,01/31/2024 07:37:16
Temperature,Yes,96,01/31/2024 07:37:01
Temperature,Yes,4,01/31/2024 07:36:51
Temperature,Yes,18,01/31/2024 07:36:16
Temperature,Yes,92,01/31/2024 07:35:51
Temperature,Yes,15,01/31/2024 07:35:41
Temperature,Yes,2,01/31/2024 07:35:36
Temperature,Yes,85,01/31/2024 07:35:15
Temperature,Yes,11,01/31/2024 07:34:50
Temperature,Yes,95,01/31/2024 07:34:45
Temperature,Yes,15,01/31/2024 07:39:31
Temperature,Yes,82,01/31/2024 07:39:26
Temperature,Yes,65,01/31/2024 07:38:56
Temperature,Yes,2,01/31/2024 07:38:46
Temperature,Yes,11,01/31/2024 07:38:16
Temperature,Yes,2,01/31/2024 07:38:06
Temperature,Yes,77,01/31/2024 07:37:56
Temperature,Yes,74,01/31/2024 07:37:41
Temperature,Yes,65,01/31/2024 07:37:21
Temperature,Yes,27,01/31/2024 07:37:16
Temperature,Yes,96,01/31/2024 07:37:01
Temperature,Yes,4,01/31/2024 07:36:51
Temperature,Yes,18,01/31/2024 07:36:16
Temperature,Yes,92,01/31/2024 07:35:51
Temperature,Yes,15,01/31/2024 07:35:41
Temperature,Yes,2,01/31/2024 07:35:36
Temperature,Yes,56,01/31/2024 07:41:01
Temperature,Yes,52,01/31/2024 07:40:41
Temperature,Yes,56,01/31/2024 07:40:31
Temperature,Yes,81,01/31/2024 07:40:26
Temperature,Yes,86,01/31/2024 07:40:21
Temperature,Yes,98,01/31/2024 07:40:11
Temperature,Yes,1,01/31/2024 07:40:06
Temperature,Yes,15,01/31/2024 07:39:31
Temperature,Yes,82,01/31/2024 07:39:26
Temperature,Yes,65,01/31/2024 07:38:56
Temperature,Yes,2,01/31/2024 07:38:46
Temperature,Yes,11,01/31/2024 07:38:16
Temperature,Yes,2,01/31/2024 07:38:06
Temperature,Yes,77,01/31/2024 07:37:56
Temperature,Yes,74,01/31/2024 07:37:41
Temperature,Yes,65,01/31/2024 07:37:21
Temperature,Yes,27,01/31/2024 07:37:16
Temperature,Yes,96,01/31/2024 07:37:01
Temperature,Yes,4,01/31/2024 07:36:51
Temperature,Yes,78,01/31/2024 07:42:06
Temperature,Yes,77,01/31/2024 07:41:56
Temperature,Yes,4,01/31/2024 07:41:51
Temperature,Yes,8,01/31/2024 07:41:26
Temperature,Yes,56,01/31/2024 07:41:01
Temperature,Yes,52,01/31/2024 07:40:41
Temperature,Yes,56,01/31/2024 07:40:31
Temperature,Yes,81,01/31/2024 07:40:26
Temperature,Yes,86,01/31/2024 07:40:21
Temperature,Yes,1,01/31/2024 07:40:06
Temperature,Yes,15,01/31/2024 07:39:31
Temperature,Yes,82,01/31/2024 07:39:26
Temperature,Yes,65,01/31/2024 07:38:56
Temperature,Yes,2,01/31/2024 07:38:46
Temperature,Yes,11,01/31/2024 07:38:16
Temperature,Yes,2,01/31/2024 07:38:06
Temperature,Yes,77,01/31/2024 07:37:56
Temperature,Yes,74,01/31/2024 07:37:41
Temperature,Yes,37,01/31/2024 07:42:51
Temperature,Yes,9,01/31/2024 07:42:21
Temperature,Yes,78,01/31/2024 07:42:06
Temperature,Yes,77,01/31/2024 07:41:56
Temperature,Yes,84,01/31/2024 07:41:31
Temperature,Yes,56,01/31/2024 07:41:01
Temperature,Yes,52,01/31/2024 07:40:41
Temperature,Yes,56,01/31/2024 07:40:31
Temperature,Yes,81,01/31/2024 07:40:26
Temperature,Yes,86,01/31/2024 07:40:21
Temperature,Yes,1,01/31/2024 07:40:06
Temperature,Yes,15,01/31/2024 07:39:31
Temperature,Yes,82,01/31/2024 07:39:26
Temperature,Yes,65,01/31/2024 07:38:56
Temperature,Yes,2,01/31/2024 07:38:46
Temperature,Yes,92,01/31/2024 07:43:56
Temperature,Yes,4,01/31/2024 07:43:41
Temperature,Yes,37,01/31/2024 07:42:51
Temperature,Yes,9,01/31/2024 07:42:21
Temperature,Yes,78,01/31/2024 07:42:06
Temperature,Yes,77,01/31/2024 07:41:56
Temperature,Yes,84,01/31/2024 07:41:31
Temperature,Yes,56,01/31/2024 07:41:01
Temperature,Yes,52,01/31/2024 07:40:41
Temperature,Yes,56,01/31/2024 07:40:31
Temperature,Yes,81,01/31/2024 07:40:26
Temperature,Yes,86,01/31/2024 07:40:21
Temperature,Yes,1,01/31/2024 07:40:06
Temperature,Yes,15,01/31/2024 07:39:31
Temperature,Yes,8,01/31/2024 07:45:01
Temperature,Yes,91,01/31/2024 07:44:56
Temperature,Yes,7,01/31/2024 07:44:46
Temperature,Yes,62,01/31/2024 07:44:21
Temperature,Yes,12,01/31/2024 07:44:11
Temperature,Yes,92,01/31/2024 07:43:56
Temperature,Yes,4,01/31/2024 07:43:41
Temperature,Yes,37,01/31/2024 07:42:51
Temperature,Yes,9,01/31/2024 07:42:21
Temperature,Yes,78,01/31/2024 07:42:06
Temperature,Yes,77,01/31/2024 07:41:56
Temperature,Yes,84,01/31/2024 07:41:31
Temperature,Yes,56,01/31/2024 07:41:01
Temperature,Yes,52,01/31/2024 07:40:41
Temperature,Yes,56,01/31/2024 07:40:31
Temperature,Yes,5,01/31/2024 07:46:01
Temperature,Yes,86,01/31/2024 07:45:46
Temperature,Yes,93,01/31/2024 07:45:41
Temperature,Yes,9,01/31/2024 07:45:21
Temperature,Yes,8,01/31/2024 07:45:01
Temperature,Yes,91,01/31/2024 07:44:56
Temperature,Yes,7,01/31/2024 07:44:46
Temperature,Yes,62,01/31/2024 07:44:21
Temperature,Yes,12,01/31/2024 07:44:11
Temperature,Yes,92,01/31/2024 07:43:56
Temperature,Yes,4,01/31/2024 07:43:41
Temperature,Yes,37,01/31/2024 07:42:51
Temperature,Yes,9,01/31/2024 07:42:21
Temperature,Yes,78,01/31/2024 07:42:06
Temperature,Yes,77,01/31/2024 07:41:56
Temperature,Yes,84,01/31/2024 07:41:31
Temperature,Yes,95,01/31/2024 07:47:07
Temperature,Yes,47,01/31/2024 07:47:02
Temperature,Yes,44,01/31/2024 07:46:47
Temperature,Yes,46,01/31/2024 07:46:42
Temperature,Yes,24,01/31/2024 07:46:37
Temperature,Yes,87,01/31/2024 07:46:21
Temperature,Yes,10,01/31/2024 07:46:11
Temperature,Yes,5,01/31/2024 07:46:01
Temperature,Yes,86,01/31/2024 07:45:46
Temperature,Yes,93,01/31/2024 07:45:41
Temperature,Yes,9,01/31/2024 07:45:21
Temperature,Yes,8,01/31/2024 07:45:01
Temperature,Yes,91,01/31/2024 07:44:56
Temperature,Yes,7,01/31/2024 07:44:46
Temperature,Yes,62,01/31/2024 07:44:21
Temperature,Yes,12,01/31/2024 07:44:11
Temperature,Yes,92,01/31/2024 07:43:56
Temperature,Yes,4,01/31/2024 07:43:41
Temperature,Yes,37,01/31/2024 07:42:51
Temperature,Yes,84,01/31/2024 07:48:12
Temperature,Yes,8,01/31/2024 07:47:32
Temperature,Yes,82,01/31/2024 07:47:22
Temperature,Yes,47,01/31/2024 07:47:02
Temperature,Yes,44,01/31/2024 07:46:47
Temperature,Yes,24,01/31/2024 07:46:37
Temperature,Yes,87,01/31/2024 07:46:21
Temperature,Yes,10,01/31/2024 07:46:11
Temperature,Yes,5,01/31/2024 07:46:01
Temperature,Yes,86,01/31/2024 07:45:46
Temperature,Yes,93,01/31/2024 07:45:41
Temperature,Yes,9,01/31/2024 07:45:21
Temperature,Yes,8,01/31/2024 07:45:01
Temperature,Yes,91,01/31/2024 07:44:56
Temperature,Yes,7,01/31/2024 07:44:46
Temperature,Yes,62,01/31/2024 07:44:21
Temperature,Yes,12,01/31/2024 07:44:11
Temperature,Yes,92,01/31/2024 07:43:56
Temperature,Yes,4,01/31/2024 07:43:41
Temperature,Yes,12,01/31/2024 07:49:07
Temperature,Yes,91,01/31/2024 07:48:52
Temperature,Yes,41,01/31/2024 07:48:32
Temperature,Yes,11,01/31/2024 07:48:27
Temperature,Yes,84,01/31/2024 07:48:12
Temperature,Yes,8,01/31/2024 07:47:32
Temperature,Yes,82,01/31/2024 07:47:22
Temperature,Yes,47,01/31/2024 07:47:02
Temperature,Yes,44,01/31/2024 07:46:47
Temperature,Yes,24,01/31/2024 07:46:37
Temperature,Yes,87,01/31/2024 07:46:21
Temperature,Yes,10,01/31/2024 07:46:11
Temperature,Yes,5,01/31/2024 07:46:01
Temperature,Yes,86,01/31/2024 07:45:46
Temperature,Yes,93,01/31/2024 07:45:41
Temperature,Yes,9,01/31/2024 07:45:21
Temperature,Yes,8,01/31/2024 07:45:01
Temperature,Yes,91,01/31/2024 07:44:56
Temperature,Yes,7,01/31/2024 07:44:46
Temperature,Yes,98,01/31/2024 07:50:07
Temperature,Yes,12,01/31/2024 07:49:07
Temperature,Yes,91,01/31/2024 07:48:52
Temperature,Yes,11,01/31/2024 07:48:27
Temperature,Yes,84,01/31/2024 07:48:12
Temperature,Yes,8,01/31/2024 07:47:32
Temperature,Yes,82,01/31/2024 07:47:22
Temperature,Yes,47,01/31/2024 07:47:02
Temperature,Yes,44,01/31/2024 07:46:47
Temperature,Yes,24,01/31/2024 07:46:37
Temperature,Yes,87,01/31/2024 07:46:21
Temperature,Yes,10,01/31/2024 07:46:11
Temperature,Yes,5,01/31/2024 07:46:01
Temperature,Yes,86,01/31/2024 07:45:46
Temperature,Yes,93,01/31/2024 07:45:41
Temperature,Yes,98,01/31/2024 07:50:52
Temperature,Yes,21,01/31/2024 07:50:47
Temperature,Yes,98,01/31/2024 07:50:07
Temperature,Yes,12,01/31/2024 07:49:07
Temperature,Yes,91,01/31/2024 07:48:52
Temperature,Yes,11,01/31/2024 07:48:27
Temperature,Yes,84,01/31/2024 07:48:12
Temperature,Yes,8,01/31/2024 07:47:32
Temperature,Yes,82,01/31/2024 07:47:22
Temperature,Yes,47,01/31/2024 07:47:02
Temperature,Yes,44,01/31/2024 07:46:47
Temperature,Yes,24,01/31/2024 07:46:37
Temperature,Yes,66,01/31/2024 07:51:57
Temperature,Yes,77,01/31/2024 07:51:42
Temperature,Yes,23,01/31/2024 07:51:32
Temperature,Yes,16,01/31/2024 07:51:27
Temperature,Yes,99,01/31/2024 07:51:22
Temperature,Yes,98,01/31/2024 07:50:52
Temperature,Yes,21,01/31/2024 07:50:47
Temperature,Yes,98,01/31/2024 07:50:07
Temperature,Yes,12,01/31/2024 07:49:07
Temperature,Yes,91,01/31/2024 07:48:52
Temperature,Yes,11,01/31/2024 07:48:27
Temperature,Yes,84,01/31/2024 07:48:12
Temperature,Yes,7,01/31/2024 07:53:07
Temperature,Yes,8,01/31/2024 07:52:47
Temperature,Yes,66,01/31/2024 07:51:57
Temperature,Yes,77,01/31/2024 07:51:42
Temperature,Yes,23,01/31/2024 07:51:32
Temperature,Yes,16,01/31/2024 07:51:27
Temperature,Yes,99,01/31/2024 07:51:22
Temperature,Yes,98,01/31/2024 07:50:52
Temperature,Yes,21,01/31/2024 07:50:47
Temperature,Yes,98,01/31/2024 07:50:07
Temperature,Yes,12,01/31/2024 07:49:07
Temperature,Yes,91,01/31/2024 07:48:52
Temperature,Yes,15,01/31/2024 07:54:07
Temperature,Yes,87,01/31/2024 07:53:47
Temperature,Yes,11,01/31/2024 07:53:22
Temperature,Yes,7,01/31/2024 07:53:07
Temperature,Yes,8,01/31/2024 07:52:47
Temperature,Yes,56,01/31/2024 07:52:27
Temperature,Yes,66,01/31/2024 07:51:57
Temperature,Yes,77,01/31/2024 07:51:42
Temperature,Yes,23,01/31/2024 07:51:32
Temperature,Yes,16,01/31/2024 07:51:27
Temperature,Yes,99,01/31/2024 07:51:22
Temperature,Yes,98,01/31/2024 07:50:52
Temperature,Yes,21,01/31/2024 07:50:47
Temperature,Yes,98,01/31/2024 07:50:07
Temperature,Yes,93,01/31/2024 07:55:02
Temperature,Yes,27,01/31/2024 07:54:52
Temperature,Yes,1,01/31/2024 07:54:47
Temperature,Yes,15,01/31/2024 07:54:07
Temperature,Yes,83,01/31/2024 07:53:57
Temperature,Yes,87,01/31/2024 07:53:47
Temperature,Yes,11,01/31/2024 07:53:22
Temperature,Yes,7,01/31/2024 07:53:07
Temperature,Yes,8,01/31/2024 07:52:47
Temperature,Yes,56,01/31/2024 07:52:27
Temperature,Yes,66,01/31/2024 07:51:57
Temperature,Yes,77,01/31/2024 07:51:42
Temperature,Yes,23,01/31/2024 07:51:32
Temperature,Yes,16,01/31/2024 07:51:27
Temperature,Yes,99,01/31/2024 07:51:22
Temperature,Yes,98,01/31/2024 07:50:52
Temperature,Yes,21,01/31/2024 07:50:47
Temperature,Yes,9,01/31/2024 07:56:12
Temperature,Yes,75,01/31/2024 07:55:22
Temperature,Yes,87,01/31/2024 07:54:57
Temperature,Yes,27,01/31/2024 07:54:52
Temperature,Yes,1,01/31/2024 07:54:47
Temperature,Yes,15,01/31/2024 07:54:07
Temperature,Yes,83,01/31/2024 07:53:57
Temperature,Yes,87,01/31/2024 07:53:47
Temperature,Yes,11,01/31/2024 07:53:22
Temperature,Yes,7,01/31/2024 07:53:07
Temperature,Yes,8,01/31/2024 07:52:47
Temperature,Yes,56,01/31/2024 07:52:27
Temperature,Yes,66,01/31/2024 07:51:57
Temperature,Yes,77,01/31/2024 07:51:42
Temperature,Yes,7,01/31/2024 07:57:18
Temperature,Yes,70,01/31/2024 07:56:53
Temperature,Yes,3,01/31/2024 07:56:48
Temperature,Yes,98,01/31/2024 07:56:43
Temperature,Yes,9,01/31/2024 07:56:12
Temperature,Yes,26,01/31/2024 07:56:02
Temperature,Yes,75,01/31/2024 07:55:22
Temperature,Yes,87,01/31/2024 07:54:57
Temperature,Yes,27,01/31/2024 07:54:52
Temperature,Yes,1,01/31/2024 07:54:47
Temperature,Yes,15,01/31/2024 07:54:07
Temperature,Yes,83,01/31/2024 07:53:57
Temperature,Yes,87,01/31/2024 07:53:47
Temperature,Yes,11,01/31/2024 07:53:22
Temperature,Yes,7,01/31/2024 07:53:07
Temperature,Yes,8,01/31/2024 07:52:47
Temperature,Yes,93,01/31/2024 07:57:58
Temperature,Yes,7,01/31/2024 07:57:18
Temperature,Yes,70,01/31/2024 07:56:53
Temperature,Yes,98,01/31/2024 07:56:43
Temperature,Yes,9,01/31/2024 07:56:12
Temperature,Yes,26,01/31/2024 07:56:02
Temperature,Yes,75,01/31/2024 07:55:22
Temperature,Yes,87,01/31/2024 07:54:57
Temperature,Yes,27,01/31/2024 07:54:52
Temperature,Yes,1,01/31/2024 07:54:47
Temperature,Yes,15,01/31/2024 07:54:07
Temperature,Yes,83,01/31/2024 07:53:57
Temperature,Yes,87,01/31/2024 07:53:47
Temperature,Yes,84,01/31/2024 07:59:13
Temperature,Yes,91,01/31/2024 07:58:43
Temperature,Yes,36,01/31/2024 07:58:28
Temperature,Yes,93,01/31/2024 07:57:58
Temperature,Yes,7,01/31/2024 07:57:18
Temperature,Yes,70,01/31/2024 07:56:53
Temperature,Yes,98,01/31/2024 07:56:43
Temperature,Yes,9,01/31/2024 07:56:12
Temperature,Yes,26,01/31/2024 07:56:02
Temperature,Yes,75,01/31/2024 07:55:22
Temperature,Yes,87,01/31/2024 07:54:57
Temperature,Yes,27,01/31/2024 07:54:52
Temperature,Yes,1,01/31/2024 07:54:47
Temperature,Yes,5,01/31/2024 08:00:08
Temperature,Yes,43,01/31/2024 07:59:38
Temperature,Yes,85,01/31/2024 07:59:33
Temperature,Yes,84,01/31/2024 07:59:13
Temperature,Yes,91,01/31/2024 07:58:43
Temperature,Yes,36,01/31/2024 07:58:28
Temperature,Yes,93,01/31/2024 07:57:58
Temperature,Yes,7,01/31/2024 07:57:18
Temperature,Yes,70,01/31/2024 07:56:53
Temperature,Yes,98,01/31/2024 07:56:43
Temperature,Yes,9,01/31/2024 07:56:12
Temperature,Yes,26,01/31/2024 07:56:02
Temperature,Yes,94,01/31/2024 08:01:18
Temperature,Yes,92,01/31/2024 08:00:58
Temperature,Yes,8,01/31/2024 08:00:48
Temperature,Yes,5,01/31/2024 08:00:08
Temperature,Yes,43,01/31/2024 07:59:38
Temperature,Yes,85,01/31/2024 07:59:33
Temperature,Yes,84,01/31/2024 07:59:13
Temperature,Yes,91,01/31/2024 07:58:43
Temperature,Yes,36,01/31/2024 07:58:28
Temperature,Yes,93,01/31/2024 07:57:58
Temperature,Yes,7,01/31/2024 07:57:18
Temperature,Yes,70,01/31/2024 07:56:53
Temperature,Yes,98,01/31/2024 07:56:43
Temperature,Yes,90,01/31/2024 08:01:53
Temperature,Yes,10,01/31/2024 08:01:33
Temperature,Yes,94,01/31/2024 08:01:18
Temperature,Yes,23,01/31/2024 08:01:03
Temperature,Yes,8,01/31/2024 08:00:48
Temperature,Yes,86,01/31/2024 08:00:43
Temperature,Yes,5,01/31/2024 08:00:08
Temperature,Yes,43,01/31/2024 07:59:38
Temperature,Yes,85,01/31/2024 07:59:33
Temperature,Yes,84,01/31/2024 07:59:13
Temperature,Yes,91,01/31/2024 07:58:43
Temperature,Yes,36,01/31/2024 07:58:28
Temperature,Yes,93,01/31/2024 07:57:58
Temperature,Yes,19,01/31/2024 08:02:53
Temperature,Yes,99,01/31/2024 08:02:43
Temperature,Yes,5,01/31/2024 08:02:33
Temperature,Yes,90,01/31/2024 08:01:53
Temperature,Yes,75,01/31/2024 08:01:48
Temperature,Yes,10,01/31/2024 08:01:33
Temperature,Yes,94,01/31/2024 08:01:18
Temperature,Yes,23,01/31/2024 08:01:03
Temperature,Yes,92,01/31/2024 08:00:58
Temperature,Yes,8,01/31/2024 08:00:48
Temperature,Yes,86,01/31/2024 08:00:43
Temperature,Yes,5,01/31/2024 08:00:08
Temperature,Yes,43,01/31/2024 07:59:38
Temperature,Yes,85,01/31/2024 07:59:33
Temperature,Yes,84,01/31/2024 07:59:13
Temperature,Yes,91,01/31/2024 07:58:43
Temperature,Yes,29,01/31/2024 08:04:23
Temperature,Yes,17,01/31/2024 08:04:18
Temperature,Yes,14,01/31/2024 08:03:48
Temperature,Yes,10,01/31/2024 08:03:28
Temperature,Yes,19,01/31/2024 08:02:53
Temperature,Yes,99,01/31/2024 08:02:43
Temperature,Yes,90,01/31/2024 08:01:53
Temperature,Yes,75,01/31/2024 08:01:48
Temperature,Yes,10,01/31/2024 08:01:33
Temperature,Yes,94,01/31/2024 08:01:18
Temperature,Yes,23,01/31/2024 08:01:03
Temperature,Yes,92,01/31/2024 08:00:58
Temperature,Yes,8,01/31/2024 08:00:48
Temperature,Yes,86,01/31/2024 08:00:43
Temperature,Yes,5,01/31/2024 08:00:08
Temperature,Yes,89,01/31/2024 08:05:08
Temperature,Yes,20,01/31/2024 08:04:48
Temperature,Yes,97,01/31/2024 08:04:33
Temperature,Yes,29,01/31/2024 08:04:23
Temperature,Yes,17,01/31/2024 08:04:18
Temperature,Yes,94,01/31/2024 08:03:58
Temperature,Yes,14,01/31/2024 08:03:48
Temperature,Yes,10,01/31/2024 08:03:28
Temperature,Yes,19,01/31/2024 08:02:53
Temperature,Yes,99,01/31/2024 08:02:43
Temperature,Yes,90,01/31/2024 08:01:53
Temperature,Yes,75,01/31/2024 08:01:48
Temperature,Yes,10,01/31/2024 08:01:33
Temperature,Yes,94,01/31/2024 08:01:18
Temperature,Yes,23,01/31/2024 08:01:03
Temperature,Yes,92,01/31/2024 08:00:58
Temperature,Yes,8,01/31/2024 08:00:48
Temperature,Yes,50,01/31/2024 08:06:13
Temperature,Yes,7,01/31/2024 08:06:03
Temperature,Yes,0,01/31/2024 08:05:48
Temperature,Yes,89,01/31/2024 08:05:38
Temperature,Yes,80,01/31/2024 08:05:13
Temperature,Yes,89,01/31/2024 08:05:08
Temperature,Yes,20,01/31/2024 08:04:48
Temperature,Yes,97,01/31/2024 08:04:33
Temperature,Yes,29,01/31/2024 08:04:23
Temperature,Yes,17,01/31/2024 08:04:18
Temperature,Yes,94,01/31/2024 08:03:58
Temperature,Yes,14,01/31/2024 08:03:48
Temperature,Yes,10,01/31/2024 08:03:28
Temperature,Yes,19,01/31/2024 08:02:53
Temperature,Yes,99,01/31/2024 08:02:43
Temperature,Yes,90,01/31/2024 08:01:53
Temperature,Yes,75,01/31/2024 08:01:48
Temperature,Yes,4,01/31/2024 08:07:10
Temperature,Yes,95,01/31/2024 08:06:33
Temperature,Yes,98,01/31/2024 08:06:23
Temperature,Yes,7,01/31/2024 08:06:03
Temperature,Yes,0,01/31/2024 08:05:48
Temperature,Yes,89,01/31/2024 08:05:38
Temperature,Yes,80,01/31/2024 08:05:13
Temperature,Yes,89,01/31/2024 08:05:08
Temperature,Yes,20,01/31/2024 08:04:48
Temperature,Yes,97,01/31/2024 08:04:33
Temperature,Yes,29,01/31/2024 08:04:23
Temperature,Yes,17,01/31/2024 08:04:18
Temperature,Yes,94,01/31/2024 08:03:58
Temperature,Yes,14,01/31/2024 08:03:48
Temperature,Yes,10,01/31/2024 08:03:28
Temperature,Yes,19,01/31/2024 08:02:53
Temperature,Yes,8,01/31/2024 08:08:20
Temperature,Yes,69,01/31/2024 08:08:05
Temperature,Yes,71,01/31/2024 08:08:00
Temperature,Yes,92,01/31/2024 08:07:45
Temperature,Yes,1,01/31/2024 08:07:40
Temperature,Yes,98,01/31/2024 08:07:35
Temperature,Yes,4,01/31/2024 08:07:10
Temperature,Yes,95,01/31/2024 08:06:33
Temperature,Yes,98,01/31/2024 08:06:23
Temperature,Yes,7,01/31/2024 08:06:03
Temperature,Yes,0,01/31/2024 08:05:48
Temperature,Yes,89,01/31/2024 08:05:38
Temperature,Yes,80,01/31/2024 08:05:13
Temperature,Yes,89,01/31/2024 08:05:08
Temperature,Yes,20,01/31/2024 08:04:48
Temperature,Yes,97,01/31/2024 08:04:33
Temperature,Yes,29,01/31/2024 08:04:23
Temperature,Yes,17,01/31/2024 08:04:18
Temperature,Yes,94,01/31/2024 08:03:58
Temperature,Yes,14,01/31/2024 08:03:48
Temperature,Yes,74,01/31/2024 08:09:25
Temperature,Yes,39,01/31/2024 08:09:10
Temperature,Yes,8,01/31/2024 08:09:05
Temperature,Yes,70,01/31/2024 08:08:50
Temperature,Yes,91,01/31/2024 08:08:45
Temperature,Yes,14,01/31/2024 08:08:30
Temperature,Yes,8,01/31/2024 08:08:20
Temperature,Yes,69,01/31/2024 08:08:05
Temperature,Yes,71,01/31/2024 08:08:00
Temperature,Yes,92,01/31/2024 08:07:45
Temperature,Yes,1,01/31/2024 08:07:40
Temperature,Yes,98,01/31/2024 08:07:35
Temperature,Yes,4,01/31/2024 08:07:10
Temperature,Yes,95,01/31/2024 08:06:33
Temperature,Yes,98,01/31/2024 08:06:23
Temperature,Yes,7,01/31/2024 08:06:03
Temperature,Yes,0,01/31/2024 08:05:48
Temperature,Yes,89,01/31/2024 08:05:38
Temperature,Yes,80,01/31/2024 08:05:13
Temperature,Yes,89,01/31/2024 08:05:08
Temperature,Yes,20,01/31/2024 08:04:48
Temperature,Yes,2,01/31/2024 08:10:15
Temperature,Yes,88,01/31/2024 08:10:00
Temperature,Yes,74,01/31/2024 08:09:25
Temperature,Yes,39,01/31/2024 08:09:10
Temperature,Yes,8,01/31/2024 08:09:05
Temperature,Yes,70,01/31/2024 08:08:50
Temperature,Yes,91,01/31/2024 08:08:45
Temperature,Yes,14,01/31/2024 08:08:30
Temperature,Yes,8,01/31/2024 08:08:20
Temperature,Yes,69,01/31/2024 08:08:05
Temperature,Yes,71,01/31/2024 08:08:00
Temperature,Yes,92,01/31/2024 08:07:45
Temperature,Yes,1,01/31/2024 08:07:40
Temperature,Yes,98,01/31/2024 08:07:35
Temperature,Yes,4,01/31/2024 08:07:10
Temperature,Yes,95,01/31/2024 08:06:33
Temperature,Yes,98,01/31/2024 08:06:23
Temperature,Yes,7,01/31/2024 08:06:03
Temperature,Yes,0,01/31/2024 08:05:48
Temperature,Yes,91,01/31/2024 08:11:25
Temperature,Yes,27,01/31/2024 08:10:50
Temperature,Yes,29,01/31/2024 08:10:45
Temperature,Yes,2,01/31/2024 08:10:15
Temperature,Yes,88,01/31/2024 08:10:00
Temperature,Yes,74,01/31/2024 08:09:25
Temperature,Yes,39,01/31/2024 08:09:10
Temperature,Yes,8,01/31/2024 08:09:05
Temperature,Yes,70,01/31/2024 08:08:50
Temperature,Yes,91,01/31/2024 08:08:45
Temperature,Yes,14,01/31/2024 08:08:30
Temperature,Yes,8,01/31/2024 08:08:20
Temperature,Yes,69,01/31/2024 08:08:05
Temperature,Yes,71,01/31/2024 08:08:00
Temperature,Yes,92,01/31/2024 08:07:45
Temperature,Yes,1,01/31/2024 08:07:40
Temperature,Yes,98,01/31/2024 08:07:35
Temperature,Yes,4,01/31/2024 08:07:10
Temperature,Yes,18,01/31/2024 08:12:20
Temperature,Yes,1,01/31/2024 08:11:55
Temperature,Yes,52,01/31/2024 08:11:30
Temperature,Yes,91,01/31/2024 08:11:25
Temperature,Yes,27,01/31/2024 08:10:50
Temperature,Yes,29,01/31/2024 08:10:45
Temperature,Yes,2,01/31/2024 08:10:15
Temperature,Yes,88,01/31/2024 08:10:00
Temperature,Yes,74,01/31/2024 08:09:25
Temperature,Yes,39,01/31/2024 08:09:10
Temperature,Yes,8,01/31/2024 08:09:05
Temperature,Yes,70,01/31/2024 08:08:50
Temperature,Yes,91,01/31/2024 08:08:45
Temperature,Yes,14,01/31/2024 08:08:30
Temperature,Yes,8,01/31/2024 08:08:20
Temperature,Yes,69,01/31/2024 08:08:05
Temperature,Yes,71,01/31/2024 08:08:00
Temperature,Yes,92,01/31/2024 08:13:30
Temperature,Yes,23,01/31/2024 08:13:05
Temperature,Yes,15,01/31/2024 08:13:00
Temperature,Yes,90,01/31/2024 08:12:45
Temperature,Yes,84,01/31/2024 08:12:35
Temperature,Yes,18,01/31/2024 08:12:20
Temperature,Yes,1,01/31/2024 08:11:55
Temperature,Yes,19,01/31/2024 08:11:50
Temperature,Yes,52,01/31/2024 08:11:30
Temperature,Yes,91,01/31/2024 08:11:25
Temperature,Yes,27,01/31/2024 08:10:50
Temperature,Yes,29,01/31/2024 08:10:45
Temperature,Yes,2,01/31/2024 08:10:15
Temperature,Yes,88,01/31/2024 08:10:00
Temperature,Yes,74,01/31/2024 08:09:25
Temperature,Yes,39,01/31/2024 08:09:10
Temperature,Yes,8,01/31/2024 08:09:05
Temperature,Yes,73,01/31/2024 08:14:30
Temperature,Yes,13,01/31/2024 08:14:25
Temperature,Yes,86,01/31/2024 08:14:15
Temperature,Yes,29,01/31/2024 08:13:50
Temperature,Yes,6,01/31/2024 08:13:35
Temperature,Yes,23,01/31/2024 08:13:05
Temperature,Yes,15,01/31/2024 08:13:00
Temperature,Yes,90,01/31/2024 08:12:45
Temperature,Yes,84,01/31/2024 08:12:35
Temperature,Yes,18,01/31/2024 08:12:20
Temperature,Yes,1,01/31/2024 08:11:55
Temperature,Yes,19,01/31/2024 08:11:50
Temperature,Yes,52,01/31/2024 08:11:30
Temperature,Yes,91,01/31/2024 08:11:25
Temperature,Yes,27,01/31/2024 08:10:50
Temperature,Yes,29,01/31/2024 08:10:45
Temperature,Yes,2,01/31/2024 08:10:15
Temperature,Yes,88,01/31/2024 08:10:00
Temperature,Yes,66,01/31/2024 08:15:26
Temperature,Yes,19,01/31/2024 08:15:16
Temperature,Yes,5,01/31/2024 08:15:06
Temperature,Yes,83,01/31/2024 08:15:01
Temperature,Yes,73,01/31/2024 08:14:30
Temperature,Yes,13,01/31/2024 08:14:25
Temperature,Yes,86,01/31/2024 08:14:15
Temperature,Yes,29,01/31/2024 08:13:50
Temperature,Yes,6,01/31/2024 08:13:35
Temperature,Yes,23,01/31/2024 08:13:05
Temperature,Yes,15,01/31/2024 08:13:00
Temperature,Yes,90,01/31/2024 08:12:45
Temperature,Yes,84,01/31/2024 08:12:35
Temperature,Yes,18,01/31/2024 08:12:20
Temperature,Yes,1,01/31/2024 08:11:55
Temperature,Yes,19,01/31/2024 08:11:50
Temperature,Yes,52,01/31/2024 08:11:30
Temperature,Yes,91,01/31/2024 08:11:25
Temperature,Yes,2,01/31/2024 08:16:26
Temperature,Yes,81,01/31/2024 08:16:21
Temperature,Yes,3,01/31/2024 08:16:16
Temperature,Yes,39,01/31/2024 08:15:46
Temperature,Yes,44,01/31/2024 08:15:36
Temperature,Yes,66,01/31/2024 08:15:26
Temperature,Yes,19,01/31/2024 08:15:16
Temperature,Yes,5,01/31/2024 08:15:06
Temperature,Yes,83,01/31/2024 08:15:01
Temperature,Yes,73,01/31/2024 08:14:30
Temperature,Yes,13,01/31/2024 08:14:25
Temperature,Yes,86,01/31/2024 08:14:15
Temperature,Yes,29,01/31/2024 08:13:50
Temperature,Yes,6,01/31/2024 08:13:35
Temperature,Yes,23,01/31/2024 08:13:05
Temperature,Yes,15,01/31/2024 08:13:00
Temperature,Yes,90,01/31/2024 08:12:45
Temperature,Yes,84,01/31/2024 08:12:35
Temperature,Yes,18,01/31/2024 08:12:20
Temperature,Yes,1,01/31/2024 08:11:55
Temperature,Yes,77,01/31/2024 08:17:26
Temperature,Yes,95,01/31/2024 08:16:51
Temperature,Yes,26,01/31/2024 08:16:41
Temperature,Yes,2,01/31/2024 08:16:26
Temperature,Yes,81,01/31/2024 08:16:21
Temperature,Yes,3,01/31/2024 08:16:16
Temperature,Yes,39,01/31/2024 08:15:46
Temperature,Yes,44,01/31/2024 08:15:36
Temperature,Yes,66,01/31/2024 08:15:26
Temperature,Yes,19,01/31/2024 08:15:16
Temperature,Yes,5,01/31/2024 08:15:06
Temperature,Yes,83,01/31/2024 08:15:01
Temperature,Yes,73,01/31/2024 08:14:30
Temperature,Yes,13,01/31/2024 08:14:25
Temperature,Yes,86,01/31/2024 08:14:15
Temperature,Yes,29,01/31/2024 08:13:50
Temperature,Yes,6,01/31/2024 08:13:35
Temperature,Yes,23,01/31/2024 08:13:05
Temperature,Yes,15,01/31/2024 08:13:00
Temperature,Yes,68,01/31/2024 08:18:36
Temperature,Yes,76,01/31/2024 08:18:31
Temperature,Yes,97,01/31/2024 08:18:26
Temperature,Yes,96,01/31/2024 08:17:56
Temperature,Yes,20,01/31/2024 08:17:46
Temperature,Yes,10,01/31/2024 08:17:41
Temperature,Yes,77,01/31/2024 08:17:26
Temperature,Yes,95,01/31/2024 08:16:51
Temperature,Yes,26,01/31/2024 08:16:41
Temperature,Yes,2,01/31/2024 08:16:26
Temperature,Yes,81,01/31/2024 08:16:21
Temperature,Yes,3,01/31/2024 08:16:16
Temperature,Yes,39,01/31/2024 08:15:46
Temperature,Yes,44,01/31/2024 08:15:36
Temperature,Yes,66,01/31/2024 08:15:26
Temperature,Yes,19,01/31/2024 08:15:16
Temperature,Yes,5,01/31/2024 08:15:06
Temperature,Yes,83,01/31/2024 08:15:01
Temperature,Yes,73,01/31/2024 08:14:30
Temperature,Yes,13,01/31/2024 08:14:25
Temperature,Yes,86,01/31/2024 08:14:15
Temperature,Yes,46,01/31/2024 08:19:16
Temperature,Yes,12,01/31/2024 08:19:11
Temperature,Yes,95,01/31/2024 08:19:06
Temperature,Yes,0,01/31/2024 08:18:41
Temperature,Yes,68,01/31/2024 08:18:36
Temperature,Yes,76,01/31/2024 08:18:31
Temperature,Yes,97,01/31/2024 08:18:26
Temperature,Yes,96,01/31/2024 08:17:56
Temperature,Yes,20,01/31/2024 08:17:46
Temperature,Yes,10,01/31/2024 08:17:41
Temperature,Yes,77,01/31/2024 08:17:26
Temperature,Yes,95,01/31/2024 08:16:51
Temperature,Yes,26,01/31/2024 08:16:41
Temperature,Yes,2,01/31/2024 08:16:26
Temperature,Yes,81,01/31/2024 08:16:21
Temperature,Yes,3,01/31/2024 08:16:16
Temperature,Yes,39,01/31/2024 08:15:46
Temperature,Yes,44,01/31/2024 08:15:36
Temperature,Yes,66,01/31/2024 08:15:26
Temperature,Yes,19,01/31/2024 08:15:16
Temperature,Yes,5,01/31/2024 08:15:06
Temperature,Yes,83,01/31/2024 08:15:01
Temperature,Yes,96,01/31/2024 08:20:36
Temperature,Yes,59,01/31/2024 08:19:56
Temperature,Yes,63,01/31/2024 08:19:51
Temperature,Yes,12,01/31/2024 08:19:41
Temperature,Yes,46,01/31/2024 08:19:16
Temperature,Yes,12,01/31/2024 08:19:11
Temperature,Yes,95,01/31/2024 08:19:06
Temperature,Yes,0,01/31/2024 08:18:41
Temperature,Yes,68,01/31/2024 08:18:36
Temperature,Yes,76,01/31/2024 08:18:31
Temperature,Yes,97,01/31/2024 08:18:26
Temperature,Yes,96,01/31/2024 08:17:56
Temperature,Yes,20,01/31/2024 08:17:46
Temperature,Yes,10,01/31/2024 08:17:41
Temperature,Yes,77,01/31/2024 08:17:26
Temperature,Yes,95,01/31/2024 08:16:51
Temperature,Yes,26,01/31/2024 08:16:41
Temperature,Yes,2,01/31/2024 08:16:26
Temperature,Yes,81,01/31/2024 08:16:21
Temperature,Yes,3,01/31/2024 08:16:16
Temperature,Yes,64,01/31/2024 08:21:21
Temperature,Yes,70,01/31/2024 08:21:01
Temperature,Yes,35,01/31/2024 08:20:56
Temperature,Yes,33,01/31/2024 08:20:51
Temperature,Yes,81,01/31/2024 08:20:46
Temperature,Yes,17,01/31/2024 08:20:41
Temperature,Yes,96,01/31/2024 08:20:36
Temperature,Yes,59,01/31/2024 08:19:56
Temperature,Yes,63,01/31/2024 08:19:51
Temperature,Yes,12,01/31/2024 08:19:41
Temperature,Yes,46,01/31/2024 08:19:16
Temperature,Yes,12,01/31/2024 08:19:11
Temperature,Yes,95,01/31/2024 08:19:06
Temperature,Yes,0,01/31/2024 08:18:41
Temperature,Yes,68,01/31/2024 08:18:36
Temperature,Yes,76,01/31/2024 08:18:31
Temperature,Yes,97,01/31/2024 08:18:26
Temperature,Yes,96,01/31/2024 08:17:56
Temperature,Yes,20,01/31/2024 08:17:46
Temperature,Yes,10,01/31/2024 08:17:41
Temperature,Yes,77,01/31/2024 08:17:26
Temperature,Yes,99,01/31/2024 08:22:26
Temperature,Yes,28,01/31/2024 08:22:11
Temperature,Yes,16,01/31/2024 08:21:41
Temperature,Yes,64,01/31/2024 08:21:21
Temperature,Yes,59,01/31/2024 08:21:16
Temperature,Yes,70,01/31/2024 08:21:01
Temperature,Yes,35,01/31/2024 08:20:56
Temperature,Yes,33,01/31/2024 08:20:51
Temperature,Yes,81,01/31/2024 08:20:46
Temperature,Yes,17,01/31/2024 08:20:41
Temperature,Yes,96,01/31/2024 08:20:36
Temperature,Yes,59,01/31/2024 08:19:56
Temperature,Yes,63,01/31/2024 08:19:51
Temperature,Yes,12,01/31/2024 08:19:41
Temperature,Yes,46,01/31/2024 08:19:16
Temperature,Yes,12,01/31/2024 08:19:11
Temperature,Yes,95,01/31/2024 08:19:06
Temperature,Yes,0,01/31/2024 08:18:41
Temperature,Yes,68,01/31/2024 08:18:36
Temperature,Yes,76,01/31/2024 08:18:31
Temperature,Yes,97,01/31/2024 08:18:26
Temperature,Yes,92,01/31/2024 08:23:31
Temperature,Yes,9,01/31/2024 08:22:46
Temperature,Yes,99,01/31/2024 08:22:26
Temperature,Yes,28,01/31/2024 08:22:11
Temperature,Yes,16,01/31/2024 08:21:41
Temperature,Yes,64,01/31/2024 08:21:21
Temperature,Yes,59,01/31/2024 08:21:16
Temperature,Yes,70,01/31/2024 08:21:01
Temperature,Yes,35,01/31/2024 08:20:56
Temperature,Yes,33,01/31/2024 08:20:51
Temperature,Yes,81,01/31/2024 08:20:46
Temperature,Yes,17,01/31/2024 08:20:41
Temperature,Yes,96,01/31/2024 08:20:36
Temperature,Yes,59,01/31/2024 08:19:56
Temperature,Yes,63,01/31/2024 08:19:51
Temperature,Yes,12,01/31/2024 08:19:41
Temperature,Yes,46,01/31/2024 08:19:16
Temperature,Yes,12,01/31/2024 08:19:11
Temperature,Yes,95,01/31/2024 08:19:06
Temperature,Yes,92,01/31/2024 08:24:07
Temperature,Yes,7,01/31/2024 08:23:56
Temperature,Yes,4,01/31/2024 08:23:46
Temperature,Yes,92,01/31/2024 08:23:31
Temperature,Yes,9,01/31/2024 08:22:46
Temperature,Yes,99,01/31/2024 08:22:26
Temperature,Yes,28,01/31/2024 08:22:11
Temperature,Yes,16,01/31/2024 08:21:41
Temperature,Yes,64,01/31/2024 08:21:21
Temperature,Yes,59,01/31/2024 08:21:16
Temperature,Yes,70,01/31/2024 08:21:01
Temperature,Yes,35,01/31/2024 08:20:56
Temperature,Yes,33,01/31/2024 08:20:51
Temperature,Yes,81,01/31/2024 08:20:46
Temperature,Yes,17,01/31/2024 08:20:41
Temperature,Yes,96,01/31/2024 08:20:36
Temperature,Yes,4,01/31/2024 08:25:37
Temperature,Yes,28,01/31/2024 08:24:37
Temperature,Yes,42,01/31/2024 08:24:27
Temperature,Yes,92,01/31/2024 08:24:07
Temperature,Yes,7,01/31/2024 08:23:56
Temperature,Yes,4,01/31/2024 08:23:46
Temperature,Yes,92,01/31/2024 08:23:31
Temperature,Yes,9,01/31/2024 08:22:46
Temperature,Yes,99,01/31/2024 08:22:26
Temperature,Yes,28,01/31/2024 08:22:11
Temperature,Yes,16,01/31/2024 08:21:41
Temperature,Yes,64,01/31/2024 08:21:21
Temperature,Yes,59,01/31/2024 08:21:16
Temperature,Yes,70,01/31/2024 08:21:01
Temperature,Yes,3,01/31/2024 08:26:42
Temperature,Yes,82,01/31/2024 08:26:12
Temperature,Yes,74,01/31/2024 08:25:57
Temperature,Yes,84,01/31/2024 08:25:52
Temperature,Yes,8,01/31/2024 08:25:42
Temperature,Yes,99,01/31/2024 08:25:22
Temperature,Yes,28,01/31/2024 08:24:37
Temperature,Yes,42,01/31/2024 08:24:27
Temperature,Yes,92,01/31/2024 08:24:07
Temperature,Yes,7,01/31/2024 08:23:56
Temperature,Yes,4,01/31/2024 08:23:46
Temperature,Yes,92,01/31/2024 08:23:31
Temperature,Yes,9,01/31/2024 08:22:46
Temperature,Yes,99,01/31/2024 08:22:26
Temperature,Yes,28,01/31/2024 08:22:11
Temperature,Yes,94,01/31/2024 08:27:42
Temperature,Yes,84,01/31/2024 08:27:12
Temperature,Yes,2,01/31/2024 08:27:07
Temperature,Yes,90,01/31/2024 08:26:52
Temperature,Yes,82,01/31/2024 08:26:12
Temperature,Yes,74,01/31/2024 08:25:57
Temperature,Yes,84,01/31/2024 08:25:52
Temperature,Yes,8,01/31/2024 08:25:42
Temperature,Yes,99,01/31/2024 08:25:22
Temperature,Yes,28,01/31/2024 08:24:37
Temperature,Yes,42,01/31/2024 08:24:27
Temperature,Yes,92,01/31/2024 08:24:07
Temperature,Yes,7,01/31/2024 08:23:56
Temperature,Yes,4,01/31/2024 08:23:46
Temperature,Yes,92,01/31/2024 08:23:31
Temperature,Yes,59,01/31/2024 08:28:42
Temperature,Yes,89,01/31/2024 08:28:22
Temperature,Yes,10,01/31/2024 08:27:52
Temperature,Yes,57,01/31/2024 08:27:47
Temperature,Yes,94,01/31/2024 08:27:42
Temperature,Yes,84,01/31/2024 08:27:12
Temperature,Yes,2,01/31/2024 08:27:07
Temperature,Yes,90,01/31/2024 08:26:52
Temperature,Yes,82,01/31/2024 08:26:12
Temperature,Yes,74,01/31/2024 08:25:57
Temperature,Yes,84,01/31/2024 08:25:52
Temperature,Yes,8,01/31/2024 08:25:42
Temperature,Yes,99,01/31/2024 08:25:22
Temperature,Yes,28,01/31/2024 08:24:37
Temperature,Yes,42,01/31/2024 08:24:27
Temperature,Yes,92,01/31/2024 08:24:07
Temperature,Yes,48,01/31/2024 08:28:57
Temperature,Yes,9,01/31/2024 08:28:52
Temperature,Yes,59,01/31/2024 08:28:42
Temperature,Yes,89,01/31/2024 08:28:22
Temperature,Yes,57,01/31/2024 08:27:47
Temperature,Yes,94,01/31/2024 08:27:42
Temperature,Yes,84,01/31/2024 08:27:12
Temperature,Yes,2,01/31/2024 08:27:07
Temperature,Yes,3,01/31/2024 08:26:42
Temperature,Yes,4,01/31/2024 08:26:17
Temperature,Yes,82,01/31/2024 08:26:12
Temperature,Yes,16,01/31/2024 08:30:37
Temperature,Yes,16,01/31/2024 08:30:22
Temperature,Yes,85,01/31/2024 08:30:07
Temperature,Yes,90,01/31/2024 08:30:02
Temperature,Yes,86,01/31/2024 08:29:27
Temperature,Yes,48,01/31/2024 08:28:57
Temperature,Yes,9,01/31/2024 08:28:52
Temperature,Yes,59,01/31/2024 08:28:42
Temperature,Yes,89,01/31/2024 08:28:22
Temperature,Yes,57,01/31/2024 08:27:47
Temperature,Yes,94,01/31/2024 08:27:42
Temperature,Yes,84,01/31/2024 08:27:12
Temperature,Yes,2,01/31/2024 08:27:07
Temperature,Yes,3,01/31/2024 08:26:42
Temperature,Yes,4,01/31/2024 08:26:17
Temperature,Yes,82,01/31/2024 08:26:12
Temperature,Yes,14,01/31/2024 08:31:27
Temperature,Yes,98,01/31/2024 08:31:02
Temperature,Yes,81,01/31/2024 08:30:57
Temperature,Yes,16,01/31/2024 08:30:37
Temperature,Yes,16,01/31/2024 08:30:22
Temperature,Yes,85,01/31/2024 08:30:07
Temperature,Yes,90,01/31/2024 08:30:02
Temperature,Yes,86,01/31/2024 08:29:27
Temperature,Yes,48,01/31/2024 08:28:57
Temperature,Yes,9,01/31/2024 08:28:52
Temperature,Yes,59,01/31/2024 08:28:42
Temperature,Yes,89,01/31/2024 08:28:22
Temperature,Yes,57,01/31/2024 08:27:47
Temperature,Yes,94,01/31/2024 08:27:42
Temperature,Yes,84,01/31/2024 08:27:12
Temperature,Yes,2,01/31/2024 08:27:07
Temperature,Yes,22,01/31/2024 08:32:47
Temperature,Yes,28,01/31/2024 08:32:32
Temperature,Yes,6,01/31/2024 08:32:17
Temperature,Yes,88,01/31/2024 08:32:07
Temperature,Yes,97,01/31/2024 08:31:47
Temperature,Yes,14,01/31/2024 08:31:27
Temperature,Yes,98,01/31/2024 08:31:02
Temperature,Yes,81,01/31/2024 08:30:57
Temperature,Yes,16,01/31/2024 08:30:37
Temperature,Yes,16,01/31/2024 08:30:22
Temperature,Yes,85,01/31/2024 08:30:07
Temperature,Yes,90,01/31/2024 08:30:02
Temperature,Yes,86,01/31/2024 08:29:27
Temperature,Yes,48,01/31/2024 08:28:57
Temperature,Yes,9,01/31/2024 08:28:52
Temperature,Yes,59,01/31/2024 08:28:42
Temperature,Yes,89,01/31/2024 08:28:22
Temperature,Yes,13,01/31/2024 08:33:43
Temperature,Yes,86,01/31/2024 08:33:28
Temperature,Yes,97,01/31/2024 08:33:02
Temperature,Yes,22,01/31/2024 08:32:47
Temperature,Yes,28,01/31/2024 08:32:32
Temperature,Yes,6,01/31/2024 08:32:17
Temperature,Yes,97,01/31/2024 08:31:47
Temperature,Yes,14,01/31/2024 08:31:27
Temperature,Yes,98,01/31/2024 08:31:02
Temperature,Yes,81,01/31/2024 08:30:57
Temperature,Yes,16,01/31/2024 08:30:37
Temperature,Yes,16,01/31/2024 08:30:22
Temperature,Yes,85,01/31/2024 08:30:07
Temperature,Yes,90,01/31/2024 08:30:02
Temperature,Yes,86,01/31/2024 08:29:27
Temperature,Yes,98,01/31/2024 08:34:48
Temperature,Yes,32,01/31/2024 08:34:38
Temperature,Yes,6,01/31/2024 08:34:33
Temperature,Yes,93,01/31/2024 08:34:23
Temperature,Yes,62,01/31/2024 08:33:53
Temperature,Yes,86,01/31/2024 08:33:28
Temperature,Yes,97,01/31/2024 08:33:02
Temperature,Yes,22,01/31/2024 08:32:47
Temperature,Yes,28,01/31/2024 08:32:32
Temperature,Yes,6,01/31/2024 08:32:17
Temperature,Yes,97,01/31/2024 08:31:47
Temperature,Yes,14,01/31/2024 08:31:27
Temperature,Yes,98,01/31/2024 08:31:02
Temperature,Yes,81,01/31/2024 08:30:57
Temperature,Yes,16,01/31/2024 08:30:37
Temperature,Yes,16,01/31/2024 08:30:22
Temperature,Yes,96,01/31/2024 08:35:48
Temperature,Yes,92,01/31/2024 08:35:43
Temperature,Yes,7,01/31/2024 08:35:28
Temperature,Yes,8,01/31/2024 08:35:13
Temperature,Yes,91,01/31/2024 08:35:03
Temperature,Yes,98,01/31/2024 08:34:48
Temperature,Yes,32,01/31/2024 08:34:38
Temperature,Yes,6,01/31/2024 08:34:33
Temperature,Yes,10,01/31/2024 08:34:18
Temperature,Yes,62,01/31/2024 08:33:53
Temperature,Yes,86,01/31/2024 08:33:28
Temperature,Yes,97,01/31/2024 08:33:02
Temperature,Yes,22,01/31/2024 08:32:47
Temperature,Yes,28,01/31/2024 08:32:32
Temperature,Yes,6,01/31/2024 08:32:17
Temperature,Yes,97,01/31/2024 08:31:47
Temperature,Yes,14,01/31/2024 08:31:27
Temperature,Yes,38,01/31/2024 08:36:43
Temperature,Yes,27,01/31/2024 08:36:38
Temperature,Yes,19,01/31/2024 08:36:33
Temperature,Yes,66,01/31/2024 08:36:28
Temperature,Yes,85,01/31/2024 08:36:18
Temperature,Yes,8,01/31/2024 08:36:03
Temperature,Yes,96,01/31/2024 08:35:48
Temperature,Yes,92,01/31/2024 08:35:43
Temperature,Yes,7,01/31/2024 08:35:28
Temperature,Yes,8,01/31/2024 08:35:13
Temperature,Yes,91,01/31/2024 08:35:03
Temperature,Yes,98,01/31/2024 08:34:48
Temperature,Yes,32,01/31/2024 08:34:38
Temperature,Yes,6,01/31/2024 08:34:33
Temperature,Yes,10,01/31/2024 08:34:18
Temperature,Yes,62,01/31/2024 08:33:53
Temperature,Yes,86,01/31/2024 08:33:28
Temperature,Yes,97,01/31/2024 08:33:02
Temperature,Yes,22,01/31/2024 08:32:47
Temperature,Yes,28,01/31/2024 08:32:32
Temperature,Yes,6,01/31/2024 08:32:17
Temperature,Yes,14,01/31/2024 08:37:48
Temperature,Yes,96,01/31/2024 08:37:38
Temperature,Yes,84,01/31/2024 08:37:33
Temperature,Yes,13,01/31/2024 08:37:08
Temperature,Yes,19,01/31/2024 08:36:33
Temperature,Yes,66,01/31/2024 08:36:28
Temperature,Yes,85,01/31/2024 08:36:18
Temperature,Yes,96,01/31/2024 08:35:48
Temperature,Yes,92,01/31/2024 08:35:43
Temperature,Yes,7,01/31/2024 08:35:28
Temperature,Yes,8,01/31/2024 08:35:13
Temperature,Yes,91,01/31/2024 08:35:03
Temperature,Yes,98,01/31/2024 08:34:48
Temperature,Yes,32,01/31/2024 08:34:38
Temperature,Yes,6,01/31/2024 08:34:33
Temperature,Yes,10,01/31/2024 08:34:18
Temperature,Yes,62,01/31/2024 08:33:53
Temperature,Yes,86,01/31/2024 08:33:28
Temperature,Yes,0,01/31/2024 08:38:38
Temperature,Yes,9,01/31/2024 08:38:13
Temperature,Yes,14,01/31/2024 08:37:48
Temperature,Yes,96,01/31/2024 08:37:38
Temperature,Yes,84,01/31/2024 08:37:33
Temperature,Yes,13,01/31/2024 08:37:08
Temperature,Yes,19,01/31/2024 08:36:33
Temperature,Yes,66,01/31/2024 08:36:28
Temperature,Yes,85,01/31/2024 08:36:18
Temperature,Yes,96,01/31/2024 08:35:48
Temperature,Yes,92,01/31/2024 08:35:43
Temperature,Yes,7,01/31/2024 08:35:28
Temperature,Yes,8,01/31/2024 08:35:13
Temperature,Yes,91,01/31/2024 08:35:03
Temperature,Yes,98,01/31/2024 08:34:48
Temperature,Yes,32,01/31/2024 08:34:38
Temperature,Yes,6,01/31/2024 08:34:33
Temperature,Yes,10,01/31/2024 08:34:18
Temperature,Yes,98,01/31/2024 08:39:53
Temperature,Yes,21,01/31/2024 08:39:48
Temperature,Yes,98,01/31/2024 08:39:28
Temperature,Yes,18,01/31/2024 08:38:58
Temperature,Yes,94,01/31/2024 08:38:48
Temperature,Yes,94,01/31/2024 08:38:43
Temperature,Yes,9,01/31/2024 08:38:13
Temperature,Yes,14,01/31/2024 08:37:48
Temperature,Yes,96,01/31/2024 08:37:38
Temperature,Yes,84,01/31/2024 08:37:33
Temperature,Yes,13,01/31/2024 08:37:08
Temperature,Yes,19,01/31/2024 08:36:33
Temperature,Yes,66,01/31/2024 08:36:28
Temperature,Yes,85,01/31/2024 08:36:18
Temperature,Yes,96,01/31/2024 08:35:48
Temperature,Yes,92,01/31/2024 08:35:43
Temperature,Yes,7,01/31/2024 08:35:28
Temperature,Yes,8,01/31/2024 08:40:48
Temperature,Yes,20,01/31/2024 08:40:33
Temperature,Yes,81,01/31/2024 08:40:28
Temperature,Yes,79,01/31/2024 08:40:03
Temperature,Yes,21,01/31/2024 08:39:48
Temperature,Yes,98,01/31/2024 08:39:28
Temperature,Yes,18,01/31/2024 08:38:58
Temperature,Yes,94,01/31/2024 08:38:48
Temperature,Yes,94,01/31/2024 08:38:43
Temperature,Yes,9,01/31/2024 08:38:13
Temperature,Yes,14,01/31/2024 08:37:48
Temperature,Yes,96,01/31/2024 08:37:38
Temperature,Yes,84,01/31/2024 08:37:33
Temperature,Yes,13,01/31/2024 08:37:08
Temperature,Yes,19,01/31/2024 08:36:33
Temperature,Yes,66,01/31/2024 08:36:28
Temperature,Yes,85,01/31/2024 08:36:18
Temperature,Yes,85,01/31/2024 08:41:48
Temperature,Yes,0,01/31/2024 08:41:18
Temperature,Yes,69,01/31/2024 08:41:08
Temperature,Yes,8,01/31/2024 08:40:48
Temperature,Yes,20,01/31/2024 08:40:33
Temperature,Yes,81,01/31/2024 08:40:28
Temperature,Yes,21,01/31/2024 08:39:48
Temperature,Yes,98,01/31/2024 08:39:28
Temperature,Yes,18,01/31/2024 08:38:58
Temperature,Yes,94,01/31/2024 08:38:48
Temperature,Yes,94,01/31/2024 08:38:43
Temperature,Yes,9,01/31/2024 08:38:13
Temperature,Yes,14,01/31/2024 08:37:48
Temperature,Yes,96,01/31/2024 08:37:38
Temperature,Yes,84,01/31/2024 08:37:33
Temperature,Yes,96,01/31/2024 08:42:53
Temperature,Yes,97,01/31/2024 08:42:38
Temperature,Yes,46,01/31/2024 08:42:23
Temperature,Yes,29,01/31/2024 08:42:18
Temperature,Yes,85,01/31/2024 08:41:48
Temperature,Yes,0,01/31/2024 08:41:18
Temperature,Yes,53,01/31/2024 08:41:13
Temperature,Yes,69,01/31/2024 08:41:08
Temperature,Yes,8,01/31/2024 08:40:48
Temperature,Yes,20,01/31/2024 08:40:33
Temperature,Yes,81,01/31/2024 08:40:28
Temperature,Yes,21,01/31/2024 08:39:48
Temperature,Yes,98,01/31/2024 08:39:28
Temperature,Yes,18,01/31/2024 08:38:58
Temperature,Yes,94,01/31/2024 08:38:48
Temperature,Yes,94,01/31/2024 08:38:43
Temperature,Yes,95,01/31/2024 08:43:54
Temperature,Yes,6,01/31/2024 08:43:29
Temperature,Yes,19,01/31/2024 08:43:13
Temperature,Yes,2,01/31/2024 08:43:03
Temperature,Yes,96,01/31/2024 08:42:53
Temperature,Yes,46,01/31/2024 08:42:23
Temperature,Yes,29,01/31/2024 08:42:18
Temperature,Yes,18,01/31/2024 08:42:13
Temperature,Yes,85,01/31/2024 08:41:48
Temperature,Yes,0,01/31/2024 08:41:18
Temperature,Yes,53,01/31/2024 08:41:13
Temperature,Yes,69,01/31/2024 08:41:08
Temperature,Yes,8,01/31/2024 08:40:48
Temperature,Yes,20,01/31/2024 08:40:33
Temperature,Yes,81,01/31/2024 08:40:28
Temperature,Yes,21,01/31/2024 08:39:48
Temperature,Yes,98,01/31/2024 08:39:28
Temperature,Yes,8,01/31/2024 08:44:49
Temperature,Yes,4,01/31/2024 08:44:44
Temperature,Yes,30,01/31/2024 08:44:09
Temperature,Yes,21,01/31/2024 08:44:04
Temperature,Yes,65,01/31/2024 08:43:59
Temperature,Yes,95,01/31/2024 08:43:54
Temperature,Yes,6,01/31/2024 08:43:29
Temperature,Yes,19,01/31/2024 08:43:13
Temperature,Yes,2,01/31/2024 08:43:03
Temperature,Yes,96,01/31/2024 08:42:53
Temperature,Yes,46,01/31/2024 08:42:23
Temperature,Yes,29,01/31/2024 08:42:18
Temperature,Yes,18,01/31/2024 08:42:13
Temperature,Yes,85,01/31/2024 08:41:48
Temperature,Yes,0,01/31/2024 08:41:18
Temperature,Yes,53,01/31/2024 08:41:13
Temperature,Yes,69,01/31/2024 08:41:08
Temperature,Yes,8,01/31/2024 08:40:48
Temperature,Yes,20,01/31/2024 08:40:33
Temperature,Yes,81,01/31/2024 08:40:28
Temperature,Yes,93,01/31/2024 08:45:59
Temperature,Yes,94,01/31/2024 08:45:54
Temperature,Yes,89,01/31/2024 08:45:14
Temperature,Yes,23,01/31/2024 08:44:59
Temperature,Yes,8,01/31/2024 08:44:49
Temperature,Yes,4,01/31/2024 08:44:44
Temperature,Yes,30,01/31/2024 08:44:09
Temperature,Yes,21,01/31/2024 08:44:04
Temperature,Yes,65,01/31/2024 08:43:59
Temperature,Yes,95,01/31/2024 08:43:54
Temperature,Yes,6,01/31/2024 08:43:29
Temperature,Yes,19,01/31/2024 08:43:13
Temperature,Yes,2,01/31/2024 08:43:03
Temperature,Yes,96,01/31/2024 08:42:53
Temperature,Yes,46,01/31/2024 08:42:23
Temperature,Yes,29,01/31/2024 08:42:18
Temperature,Yes,18,01/31/2024 08:42:13
Temperature,Yes,85,01/31/2024 08:41:48
Temperature,Yes,25,01/31/2024 08:46:59
Temperature,Yes,7,01/31/2024 08:46:54
Temperature,Yes,86,01/31/2024 08:46:49
Temperature,Yes,75,01/31/2024 08:46:34
Temperature,Yes,23,01/31/2024 08:46:14
Temperature,Yes,5,01/31/2024 08:46:09
Temperature,Yes,93,01/31/2024 08:45:59
Temperature,Yes,94,01/31/2024 08:45:54
Temperature,Yes,89,01/31/2024 08:45:14
Temperature,Yes,23,01/31/2024 08:44:59
Temperature,Yes,8,01/31/2024 08:44:49
Temperature,Yes,4,01/31/2024 08:44:44
Temperature,Yes,30,01/31/2024 08:44:09
Temperature,Yes,21,01/31/2024 08:44:04
Temperature,Yes,65,01/31/2024 08:43:59
Temperature,Yes,95,01/31/2024 08:43:54
Temperature,Yes,6,01/31/2024 08:43:29
Temperature,Yes,19,01/31/2024 08:43:13
Temperature,Yes,2,01/31/2024 08:43:03
Temperature,Yes,96,01/31/2024 08:42:53
Temperature,Yes,46,01/31/2024 08:42:23
Temperature,Yes,14,01/31/2024 08:47:59
Temperature,Yes,2,01/31/2024 08:47:54
Temperature,Yes,80,01/31/2024 08:47:39
Temperature,Yes,98,01/31/2024 08:47:24
Temperature,Yes,25,01/31/2024 08:46:59
Temperature,Yes,7,01/31/2024 08:46:54
Temperature,Yes,75,01/31/2024 08:46:34
Temperature,Yes,5,01/31/2024 08:46:09
Temperature,Yes,93,01/31/2024 08:45:59
Temperature,Yes,94,01/31/2024 08:45:54
Temperature,Yes,89,01/31/2024 08:45:14
Temperature,Yes,23,01/31/2024 08:44:59
Temperature,Yes,8,01/31/2024 08:44:49
Temperature,Yes,4,01/31/2024 08:44:44
Temperature,Yes,30,01/31/2024 08:44:09
Temperature,Yes,21,01/31/2024 08:44:04
Temperature,Yes,65,01/31/2024 08:43:59
Temperature,Yes,95,01/31/2024 08:43:54
Temperature,Yes,6,01/31/2024 08:43:29
Temperature,Yes,89,01/31/2024 08:48:29
Temperature,Yes,2,01/31/2024 08:47:54
Temperature,Yes,80,01/31/2024 08:47:39
Temperature,Yes,98,01/31/2024 08:47:24
Temperature,Yes,7,01/31/2024 08:46:54
Temperature,Yes,75,01/31/2024 08:46:34
Temperature,Yes,5,01/31/2024 08:46:09
Temperature,Yes,93,01/31/2024 08:45:59
Temperature,Yes,94,01/31/2024 08:45:54
Temperature,Yes,89,01/31/2024 08:45:14
Temperature,Yes,23,01/31/2024 08:44:59
Temperature,Yes,8,01/31/2024 08:44:49
Temperature,Yes,4,01/31/2024 08:44:44
Temperature,Yes,99,01/31/2024 08:49:44
Temperature,Yes,19,01/31/2024 08:49:39
Temperature,Yes,29,01/31/2024 08:49:34
Temperature,Yes,2,01/31/2024 08:49:24
Temperature,Yes,89,01/31/2024 08:49:14
Temperature,Yes,54,01/31/2024 08:48:34
Temperature,Yes,89,01/31/2024 08:48:29
Temperature,Yes,2,01/31/2024 08:47:54
Temperature,Yes,80,01/31/2024 08:47:39
Temperature,Yes,98,01/31/2024 08:47:24
Temperature,Yes,7,01/31/2024 08:46:54
Temperature,Yes,75,01/31/2024 08:46:34
Temperature,Yes,5,01/31/2024 08:46:09
Temperature,Yes,93,01/31/2024 08:45:59
Temperature,Yes,94,01/31/2024 08:45:54
Temperature,Yes,89,01/31/2024 08:50:59
Temperature,Yes,19,01/31/2024 08:49:39
Temperature,Yes,29,01/31/2024 08:49:34
Temperature,Yes,2,01/31/2024 08:49:24
Temperature,Yes,89,01/31/2024 08:49:14
Temperature,Yes,54,01/31/2024 08:48:34
Temperature,Yes,89,01/31/2024 08:48:29
Temperature,Yes,2,01/31/2024 08:47:54
Temperature,Yes,80,01/31/2024 08:47:39
Temperature,Yes,98,01/31/2024 08:47:24
Temperature,Yes,7,01/31/2024 08:46:54
Temperature,Yes,75,01/31/2024 08:46:34
Temperature,Yes,2,01/31/2024 08:52:04
Temperature,Yes,90,01/31/2024 08:51:54
Temperature,Yes,98,01/31/2024 08:51:39
Temperature,Yes,47,01/31/2024 08:51:19
Temperature,Yes,17,01/31/2024 08:51:14
Temperature,Yes,15,01/31/2024 08:51:09
Temperature,Yes,89,01/31/2024 08:50:59
Temperature,Yes,73,01/31/2024 08:50:29
Temperature,Yes,19,01/31/2024 08:49:39
Temperature,Yes,29,01/31/2024 08:49:34
Temperature,Yes,2,01/31/2024 08:49:24
Temperature,Yes,89,01/31/2024 08:49:14
Temperature,Yes,54,01/31/2024 08:48:34
Temperature,Yes,89,01/31/2024 08:48:29
Temperature,Yes,2,01/31/2024 08:47:54
Temperature,Yes,80,01/31/2024 08:47:39
Temperature,Yes,2,01/31/2024 08:52:55
Temperature,Yes,63,01/31/2024 08:52:40
Temperature,Yes,64,01/31/2024 08:52:35
Temperature,Yes,85,01/31/2024 08:52:20
Temperature,Yes,2,01/31/2024 08:52:04
Temperature,Yes,90,01/31/2024 08:51:54
Temperature,Yes,47,01/31/2024 08:51:19
Temperature,Yes,17,01/31/2024 08:51:14
Temperature,Yes,15,01/31/2024 08:51:09
Temperature,Yes,89,01/31/2024 08:50:59
Temperature,Yes,73,01/31/2024 08:50:29
Temperature,Yes,19,01/31/2024 08:49:39
Temperature,Yes,29,01/31/2024 08:49:34
Temperature,Yes,2,01/31/2024 08:49:24
Temperature,Yes,89,01/31/2024 08:49:14
Temperature,Yes,54,01/31/2024 08:48:34
Temperature,Yes,89,01/31/2024 08:48:29
Temperature,Yes,70,01/31/2024 08:53:50
Temperature,Yes,86,01/31/2024 08:53:35
Temperature,Yes,19,01/31/2024 08:53:10
Temperature,Yes,2,01/31/2024 08:52:55
Temperature,Yes,63,01/31/2024 08:52:40
Temperature,Yes,64,01/31/2024 08:52:35
Temperature,Yes,85,01/31/2024 08:52:20
Temperature,Yes,2,01/31/2024 08:52:04
Temperature,Yes,90,01/31/2024 08:51:54
Temperature,Yes,47,01/31/2024 08:51:19
Temperature,Yes,17,01/31/2024 08:51:14
Temperature,Yes,15,01/31/2024 08:51:09
Temperature,Yes,89,01/31/2024 08:50:59
Temperature,Yes,73,01/31/2024 08:50:29
Temperature,Yes,19,01/31/2024 08:49:39
Temperature,Yes,29,01/31/2024 08:49:34
Temperature,Yes,9,01/31/2024 08:55:05
Temperature,Yes,93,01/31/2024 08:55:00
Temperature,Yes,86,01/31/2024 08:53:35
Temperature,Yes,19,01/31/2024 08:53:10
Temperature,Yes,2,01/31/2024 08:52:55
Temperature,Yes,63,01/31/2024 08:52:40
Temperature,Yes,64,01/31/2024 08:52:35
Temperature,Yes,85,01/31/2024 08:52:20
Temperature,Yes,2,01/31/2024 08:52:04
Temperature,Yes,90,01/31/2024 08:51:54
Temperature,Yes,47,01/31/2024 08:51:19
Temperature,Yes,17,01/31/2024 08:51:14
Temperature,Yes,15,01/31/2024 08:51:09
Temperature,Yes,89,01/31/2024 08:50:59
Temperature,Yes,73,01/31/2024 08:50:29
Temperature,Yes,89,01/31/2024 08:55:55
Temperature,Yes,93,01/31/2024 08:55:25
Temperature,Yes,28,01/31/2024 08:55:10
Temperature,Yes,9,01/31/2024 08:55:05
Temperature,Yes,93,01/31/2024 08:55:00
Temperature,Yes,15,01/31/2024 08:54:40
Temperature,Yes,86,01/31/2024 08:53:35
Temperature,Yes,19,01/31/2024 08:53:10
Temperature,Yes,2,01/31/2024 08:52:55
Temperature,Yes,63,01/31/2024 08:52:40
Temperature,Yes,64,01/31/2024 08:52:35
Temperature,Yes,85,01/31/2024 08:52:20
Temperature,Yes,2,01/31/2024 08:52:04
Temperature,Yes,90,01/31/2024 08:51:54
